{"cameraMode":{"drawMode":0,"name":"Shaded","section":"Shading Mode"},"sceneLighting":false,"audioPlay":false,"sceneViewState":{"m_AlwaysRefresh":false,"showFog":true,"showSkybox":false,"showFlares":true,"showImageEffects":true,"showParticleSystems":true,"showVisualEffectGraphs":true,"m_FxEnabled":true},"in2DMode":false,"pivot":{"x":0.08462604880332947,"y":-0.01883728802204132,"z":0.013709336519241333},"rotation":{"x":0.18889380991458894,"y":0.618455171585083,"z":-0.15647447109222413,"w":0.746580183506012},"size":0.21870429813861848,"orthographic":false}