{"cameraMode":{"drawMode":0,"name":"Shaded","section":"Shading Mode"},"sceneLighting":false,"audioPlay":false,"sceneViewState":{"m_AlwaysRefresh":false,"showFog":true,"showSkybox":false,"showFlares":true,"showImageEffects":true,"showParticleSystems":true,"showVisualEffectGraphs":true,"m_FxEnabled":true},"in2DMode":false,"pivot":{"x":0.2014591246843338,"y":-0.04260788857936859,"z":0.07413852959871292},"rotation":{"x":-0.021996011957526208,"y":-0.9463061094284058,"z":-0.06502699106931687,"w":0.31626996397972109},"size":0.008660253137350083,"orthographic":false}