{"cameraMode":{"drawMode":0,"name":"Shaded","section":"Shading Mode"},"sceneLighting":false,"audioPlay":false,"sceneViewState":{"m_AlwaysRefresh":false,"showFog":true,"showSkybox":false,"showFlares":true,"showImageEffects":true,"showParticleSystems":true,"showVisualEffectGraphs":true,"m_FxEnabled":true},"in2DMode":false,"pivot":{"x":-0.10981898754835129,"y":-0.02006426453590393,"z":-0.02893538773059845},"rotation":{"x":-0.2664472758769989,"y":-0.06500821560621262,"z":0.018219972029328347,"w":-0.9616408348083496},"size":0.14226438105106355,"orthographic":false}