{"cameraMode":{"drawMode":0,"name":"Shaded","section":"Shading Mode"},"sceneLighting":false,"audioPlay":false,"sceneViewState":{"m_AlwaysRefresh":false,"showFog":true,"showSkybox":false,"showFlares":true,"showImageEffects":true,"showParticleSystems":true,"showVisualEffectGraphs":true,"m_FxEnabled":true},"in2DMode":false,"pivot":{"x":-0.5903148651123047,"y":0.08604492247104645,"z":0.12309000641107559},"rotation":{"x":0.16997385025024415,"y":0.7246804237365723,"z":-0.1926327794790268,"w":0.6394338011741638},"size":0.6557674407958984,"orthographic":false}