{"cameraMode":{"drawMode":0,"name":"Shaded","section":"Shading Mode"},"sceneLighting":false,"audioPlay":false,"sceneViewState":{"m_AlwaysRefresh":false,"showFog":true,"showSkybox":false,"showFlares":true,"showImageEffects":true,"showParticleSystems":true,"showVisualEffectGraphs":true,"m_FxEnabled":true},"in2DMode":false,"pivot":{"x":0.36760851740837099,"y":-0.01577433943748474,"z":-0.01624918356537819},"rotation":{"x":0.17663134634494782,"y":0.6984737515449524,"z":-0.1845453530550003,"w":0.6685164570808411},"size":0.3665866553783417,"orthographic":false}