{"cameraMode":{"drawMode":0,"name":"Shaded","section":"Shading Mode"},"sceneLighting":false,"audioPlay":false,"sceneViewState":{"m_AlwaysRefresh":false,"showFog":true,"showSkybox":false,"showFlares":true,"showImageEffects":true,"showParticleSystems":true,"showVisualEffectGraphs":true,"m_FxEnabled":true},"in2DMode":false,"pivot":{"x":0.07868433743715286,"y":-0.0842142105102539,"z":0.10267889499664307},"rotation":{"x":0.15784206986427308,"y":-0.09959538280963898,"z":0.01599789224565029,"w":0.9823867082595825},"size":0.22484377026557923,"orthographic":false}