{"cameraMode":{"drawMode":0,"name":"Shaded","section":"Shading Mode"},"sceneLighting":false,"audioPlay":false,"sceneViewState":{"m_AlwaysRefresh":false,"showFog":true,"showSkybox":false,"showFlares":true,"showImageEffects":true,"showParticleSystems":true,"showVisualEffectGraphs":true,"m_FxEnabled":true},"in2DMode":false,"pivot":{"x":-0.6310089826583862,"y":0.2338552176952362,"z":0.06395156681537628},"rotation":{"x":0.12626118957996369,"y":0.7923932671546936,"z":-0.17537201941013337,"w":0.570478618144989},"size":0.11870183795690537,"orthographic":false}